Customer_ID,Name,Email,Phone,Age,Gender,Income,Customer_Segment
37249,Michelle Harrington,Ebony39@gmail.com,1414786801,21,Male,Low,Regular
69749,Kelsey Hill,Mark36@gmail.com,6852899987,19,Female,Low,Premium
30192,Scott Jensen,Shane85@gmail.com,8362160449,48,Male,Low,Regular
62101,Joseph Miller,Mary34@gmail.com,2776751724,56,Male,High,Premium
27901,Debra Coleman,Charles30@gmail.com,9098267635,22,Male,Low,Premium
41289,Ryan Johnson,Haley12@gmail.com,3292677006,58,Female,Medium,Premium
97285,Erin Lewis,Arthur76@gmail.com,1578355423,29,Female,Low,New
26603,Angela Fields,Tanya94@gmail.com,3668096144,29,Male,Medium,Premium
80175,Diane Clark,Martin39@gmail.com,6219779557,46,Male,Medium,New
31878,Lori Bell,Jessica33@gmail.com,6004895059,25,Male,Medium,New
19136,Jonathan Eaton,Mark38@gmail.com,2996714102,64,Female,Low,Regular
66883,Brianna Oconnor,David47@gmail.com,9398168800,31,Female,Medium,Regular
31930,Kristine Williams,Charles29@gmail.com,1822767586,56,Female,Medium,Regular
74671,Felicia Brown,Laura72@gmail.com,8869644441,53,Female,Medium,Regular
98300,Andrew Guzman,Eric76@gmail.com,2923044936,32,Female,High,Regular
64995,Justin Lara,Jacob26@gmail.com,2683281702,43,Male,Medium,Regular
69939,Jessica Harrison,Anne45@gmail.com,2540232555,69,Male,Low,Regular
71803,Alicia Knight,Jennifer1@gmail.com,6262218202,19,Female,High,Regular
78376,Ronald Chen,Nicole72@gmail.com,1796133281,49,Male,Low,Regular
40654,Sara Rogers,Jeff99@gmail.com,2687947826,69,Male,Low,Regular
42165,Daniel Hutchinson,Oscar54@gmail.com,9604443902,46,Male,Low,Regular
63914,Joshua Noble,Diana25@gmail.com,5383491869,61,Male,High,Regular
42410,Anthony Rodriguez,Paula49@gmail.com,3745118170,21,Female,Low,Regular
48869,Ashley Watson,Christine23@gmail.com,3296155904,41,Female,Low,Regular
99870,Timothy Benton,Thomas4@gmail.com,4754633123,38,Male,Medium,Regular
47037,Mike Christensen,Olivia95@gmail.com,3605880512,59,Male,High,Regular
28381,Kimberly Evans,Claire78@gmail.com,8215497648,20,Male,High,Regular
23097,Michael Cole,Rachel75@gmail.com,6487484685,67,Male,Low,Regular
42540,Robin Jackson,James3@gmail.com,4258351481,43,Male,Medium,Regular
55388,Yolanda Martin,Emily94@gmail.com,2450716315,50,Male,Medium,Regular
98256,Steven Boyd,Sheryl18@gmail.com,5248581519,26,Female,Low,Regular
90935,Raymond Avila,Christopher4@gmail.com,4298839653,56,Female,Low,Regular
65701,Christopher Lopez,Derrick51@gmail.com,9286274243,66,Male,Medium,Regular
23713,Brent Gonzalez,Steven94@gmail.com,4886316564,31,Male,Low,Regular
66911,Anne Dominguez,Christian61@gmail.com,9654611085,24,Female,Low,Regular
38517,Todd Jackson,Daniel66@gmail.com,6019608363,54,Male,Low,Regular
65305,Jonathan Jenkins,Christina19@gmail.com,8524180606,19,Male,High,Regular
31767,Brittany Ross,Lindsey16@gmail.com,3325233576,28,Male,High,Regular
30637,Mike Orozco,Kimberly48@gmail.com,8321157649,34,Female,High,Regular
96840,Susan Thomas,Bonnie80@gmail.com,9540868010,65,Male,Low,Regular
25848,Emma Palmer,Lisa7@gmail.com,8200797318,40,Male,High,Regular
91172,Amanda Decker,Heather92@gmail.com,8187509611,64,Female,High,Regular
77572,Jose Spencer,Amber67@gmail.com,8282194753,68,Female,High,Regular
46361,Priscilla Wiggins,Patricia51@gmail.com,3936281494,46,Male,High,Regular
62464,Michele Johnson,Melissa70@gmail.com,1946509510,58,Female,High,Regular
74096,Robert Warren,Hannah73@gmail.com,1223810454,36,Male,Low,Regular
21399,Mario Smith,Joshua69@gmail.com,2206920632,57,Male,High,Regular
39757,Lauren Hayes,Haley88@gmail.com,5845365608,27,Female,Medium,Regular
90189,Maria Tucker,Amber14@gmail.com,1967923713,35,Female,Medium,Regular
86575,Derek Green,Sara74@gmail.com,8380306730,57,Female,Medium,Regular
19303,Rachel Hobbs,Daniel23@gmail.com,4797743217,36,Male,Low,Regular
12911,Chelsea Cummings,Daniel55@gmail.com,9050662623,69,Male,High,Regular
71257,Bryan Edwards,Gregory3@gmail.com,8840187601,59,Male,High,Regular
75456,Christopher Burgess,Tonya57@gmail.com,7162191577,38,Female,High,Regular
50574,James Church,Andrew57@gmail.com,8003867018,46,Male,Low,Regular
81200,Tony Moon,Brandon73@gmail.com,2088509822,24,Male,Medium,Regular
21381,Stanley Quinn,April67@gmail.com,5514223595,67,Male,Medium,Regular
71121,Heather Sloan,Taylor13@gmail.com,6417356036,54,Female,High,Regular
64722,Richard Morales,Elizabeth40@gmail.com,3731576483,68,Male,Medium,Regular
59819,Christina Snow,Wendy95@gmail.com,1467710063,29,Male,Medium,Regular
57742,Lisa Tyler,John63@gmail.com,8205826469,26,Male,Low,Regular
80071,Patricia Reese,Stephanie24@gmail.com,7797823025,41,Female,Low,Regular
97683,Dr. Chad Lindsey,Kelsey82@gmail.com,6566997489,31,Female,Low,Regular
51980,Victoria Short,Jessica97@gmail.com,7387148594,34,Female,High,Regular
11397,Tracy Baxter,Richard53@gmail.com,2810644301,29,Female,Low,Regular
35966,Jennifer Wright,Michael69@gmail.com,4332303526,69,Male,Low,Regular
95925,Jesus Cole,Margaret59@gmail.com,5224669316,58,Male,Medium,Regular
56726,Scott Sampson II,Zachary50@gmail.com,2852994101,38,Male,Medium,Regular
87729,Karen Short,Dominique52@gmail.com,6706684033,25,Female,Medium,Regular
49952,Joseph Pearson,Brianna8@gmail.com,4766173039,26,Female,Medium,Regular
79052,Richard Hodge,Melissa21@gmail.com,3805088849,57,Female,High,Regular
90837,Charles Rogers,Anthony26@gmail.com,2188816563,70,Male,Low,Regular
20500,Matthew Hicks,Kara43@gmail.com,1568421682,61,Female,Medium,Regular
63629,Mary Lawson,Kelly99@gmail.com,2830391284,37,Female,Low,Regular
71053,Suzanne Thompson,Erica91@gmail.com,5138785707,34,Female,Medium,Regular
73823,Sarah Chase,Amber47@gmail.com,9335433668,19,Female,Medium,Regular
28956,Christopher Adams,Jason63@gmail.com,4427078263,43,Female,Low,Regular
21444,Robert Perez,Robert89@gmail.com,8214017258,30,Male,Medium,Regular
68648,Dennis Johnson,Tom90@gmail.com,3891012895,35,Male,Low,Regular
50100,Penny Harris,Sarah100@gmail.com,9213637832,54,Female,Low,Regular
65961,Erik Medina,Amanda64@gmail.com,8035994598,39,Male,High,Regular
70067,Ashley Adams,Danielle47@gmail.com,8168167767,56,Male,High,Regular
31581,Meredith James,Shannon57@gmail.com,3951850656,25,Female,Low,Regular
12604,Derek Patrick,Lori70@gmail.com,2817666105,47,Male,Low,Regular
55594,Tara Hawkins,Melvin34@gmail.com,7609311698,41,Male,Low,Regular
98788,Zachary Smith,Monica62@gmail.com,4599588263,29,Male,Medium,Regular
59411,Daniel Thompson,Lori61@gmail.com,7504846879,61,Male,Low,Regular
67690,Mark Lee,Michael54@gmail.com,9780172180,35,Female,Medium,Regular
96720,Robert Torres,Monica6@gmail.com,1113123915,59,Male,Medium,Regular
28489,Julia Dodson,Kaitlin36@gmail.com,6363334046,43,Male,Medium,Regular
22945,Jessica Burke,John100@gmail.com,6315925303,26,Female,Medium,Regular
15757,Mr. Evan Sutton,Jasmine27@gmail.com,9419010843,35,Male,Medium,Regular
15983,Jamie Thompson,Michael25@gmail.com,4073525462,48,Male,Low,Regular
74649,Courtney Perry,Tina32@gmail.com,7402421885,18,Male,High,Regular
50952,Teresa Maxwell,Daniel79@gmail.com,4353493533,49,Female,Medium,Regular
51279,Roy Obrien,John3@gmail.com,9379457412,60,Male,Low,Regular
70655,Renee Banks,Cassandra10@gmail.com,1240946835,20,Male,Medium,Regular
93615,Linda Spencer DVM,Casey5@gmail.com,3599888358,35,Male,Low,Regular
86785,Todd Hernandez,Randy87@gmail.com,3446116291,33,Female,Medium,Regular
14549,Danielle Bennett,James20@gmail.com,2200037745,62,Female,Medium,Regular
94652,Elizabeth Fisher,Joseph95@gmail.com,3048742039,19,Male,Medium,Regular
67949,Martin Giles,Jonathan55@gmail.com,3221151529,54,Male,Medium,Regular
38862,Nicholas Nelson,Anthony86@gmail.com,8495017152,50,Female,Low,Regular
13566,Maria Johnson,Marilyn60@gmail.com,8747748872,26,Female,Low,Regular
72626,Daniel Morgan,Jacob10@gmail.com,9934928420,58,Male,Medium,Regular
45610,Sarah Lewis,Dale68@gmail.com,2252106373,47,Female,Medium,Regular
45455,Katherine Stuart,Megan75@gmail.com,9676430146,35,Female,Low,Regular
72079,Diana Thomas,Shane69@gmail.com,2142413521,25,Male,Low,Regular
26736,Danielle May,Darrell77@gmail.com,3065136145,67,Female,Medium,Regular
47846,Mary Kim,Katherine73@gmail.com,3268643153,65,Male,Low,Regular
77875,Monica Peterson,Frederick4@gmail.com,5191926327,65,Male,Medium,Regular
95547,Sarah Li,Roger41@gmail.com,5326175928,30,Male,High,Regular
50126,Brianna Murray,Anthony39@gmail.com,1148388458,32,Female,Low,Regular
67530,Mathew Fitzgerald,Erik18@gmail.com,Not Provided,50,Male,Low,Regular
55159,Ellen Simpson,Tiffany30@gmail.com,3133334228,50,Male,Medium,Regular
50555,Steven Riddle,Thomas97@gmail.com,2470177640,68,Male,Low,Regular
21352,Denise Ellison,Brian49@gmail.com,2540594145,42,Male,Low,Regular
28128,Mark Frazier,Alexis30@gmail.com,2189796179,65,Male,Low,Regular
41336,Nathan Estrada,Jill65@gmail.com,3449233465,57,Male,Medium,Regular
96814,Michelle Bright,Jose43@gmail.com,6435150270,27,Male,High,Regular
95592,Carlos Stanley,Tonya20@gmail.com,8530902035,41,Male,Low,Regular
90603,Kristen Vazquez,Samantha66@gmail.com,5970318153,56,Female,High,Regular
88294,Rhonda Parsons,Gary99@gmail.com,6597516336,64,Male,Medium,Regular
47748,Alexis Smith,Karen91@gmail.com,9388217725,39,Male,Medium,Regular
84982,Sylvia Garcia,Gabrielle13@gmail.com,8358660998,68,Female,Low,Regular
31054,Judy Green,Travis60@gmail.com,6738409426,56,Female,Medium,Regular
27353,Mrs. Maria Patrick,Sarah54@gmail.com,6912552655,60,Female,Low,Regular
52641,Andrea Martin,Todd60@gmail.com,3834526059,48,Male,High,Regular
71681,Kyle Moreno,Alex72@gmail.com,3373095522,49,Male,Medium,Regular
65334,Sherri Chambers,Emily43@gmail.com,1477984670,32,Female,Medium,Regular
83016,Shannon Lopez MD,Erin3@gmail.com,8322254249,32,Female,Low,Regular
40624,Trevor Walker,Tyler30@gmail.com,1360625946,18,Male,Medium,Regular
66428,Jacob Arnold,Lawrence24@gmail.com,2100695530,48,Female,Medium,Regular
34145,Matthew Brown,Dawn85@gmail.com,1930731619,69,Male,Medium,Regular
13629,Erica Humphrey,Adrienne73@gmail.com,8678953610,48,Male,Medium,Regular
26940,Zachary Abbott,Jonathan81@gmail.com,1660611739,68,Male,Medium,Regular
73735,Kathleen Garcia,Randy29@gmail.com,6374505488,58,Male,Medium,Regular
96811,Sarah Harris,Melissa41@gmail.com,3781672719,44,Female,Medium,Regular
50056,Sheryl Smith,Dwayne48@gmail.com,6139562938,60,Male,Low,Regular
41835,Christine Green PhD,Stephen32@gmail.com,8694292782,33,Female,Low,Regular
89815,Richard Diaz,Steve5@gmail.com,3221780424,26,Male,Low,Regular
84806,George Salazar,Kelly57@gmail.com,7827977052,60,Female,Medium,Regular
14196,Michael Perkins,Tabitha57@gmail.com,8979005491,37,Male,High,Regular
11602,Elizabeth Jones,Amanda29@gmail.com,9120932188,37,Male,Low,Regular
40667,Elijah Yoder,Misty14@gmail.com,6654567820,66,Male,Medium,Regular
12223,Michael Howe,Michael14@gmail.com,7829418212,46,Male,High,Regular
92174,Whitney Adams,David85@gmail.com,7663483087,29,Male,Medium,Regular
70193,Alexis Carlson,Tamara14@gmail.com,7475610720,38,Female,Medium,Regular
37748,Teresa West,John68@gmail.com,1466610999,39,Male,Low,Regular
46908,Kimberly Jordan,John73@gmail.com,6105110623,54,Male,Medium,Regular
72950,Gregory Bates,Gerald65@gmail.com,7785499928,51,Female,Low,Regular
78960,Kyle Odom,Daniel67@gmail.com,1133304058,57,Female,Medium,Regular
97201,Daniel Myers,Ryan95@gmail.com,7298270465,58,Male,Medium,Regular
37351,Rachel Robinson,Traci4@gmail.com,7880689078,46,Male,Medium,Regular
73668,John Carpenter,Jose48@gmail.com,4692455252,18,Male,Low,Regular
93072,Brandy Cruz,David58@gmail.com,8167796506,46,Male,Low,Regular
44073,David James,Jennifer95@gmail.com,2337436974,70,Female,Medium,Regular
33277,Michael Curtis,Christine91@gmail.com,9498766759,68,Male,Medium,Regular
89211,Derrick Baker,Andrea94@gmail.com,8760164464,27,Female,Medium,Regular
45413,Lauren Johnson,Lisa82@gmail.com,1816016808,63,Male,Medium,Regular
75644,Nicole Fisher,Breanna80@gmail.com,5778422432,55,Male,Medium,Regular
28689,Miranda York,Larry76@gmail.com,7007109808,37,Female,High,Regular
17098,Jeff Little,Joshua45@gmail.com,4759763256,26,Female,High,Regular
59565,Sheila Grant,Caleb46@gmail.com,5369056472,39,Female,Medium,Regular
14899,Adam Decker,Matthew8@gmail.com,4132073431,18,Male,Medium,Regular
95391,Brandy Dyer,Robert47@gmail.com,3957324586,64,Male,Low,Regular
66817,Richard Ortiz,Erica81@gmail.com,5502920164,41,Female,High,Regular
93866,Zachary Diaz,Jean66@gmail.com,7690958509,32,Female,Medium,Regular
11393,Jerry Chaney,Ronald76@gmail.com,1931018021,46,Male,High,Regular
88381,Chelsea Leonard,Michele83@gmail.com,5921288191,57,Female,Low,Regular
95670,Heather Bailey,Christopher39@gmail.com,1517977881,39,Male,Low,Regular
92028,Tracy Farmer,Willie26@gmail.com,3960951206,48,Male,Medium,Regular
26172,Samuel Mclaughlin,Benjamin14@gmail.com,5993222534,23,Female,Low,Regular
89528,Thomas Wilson,Michael58@gmail.com,2178869807,36,Male,High,Regular
39728,Derek Perez,Brandon75@gmail.com,2175018981,50,Male,High,Regular
10237,Michael Walker,Richard51@gmail.com,6545018464,64,Male,Medium,Regular
25605,Jim Hansen,Lindsey42@gmail.com,2171598460,60,Male,Low,Regular
88816,Michael Ramirez,Margaret32@gmail.com,8132474319,43,Female,Low,Regular
75143,Diane Stewart,Richard77@gmail.com,9067158971,59,Male,High,Regular
12884,Joseph Barnes,Charles57@gmail.com,8142641936,40,Male,High,Regular
47483,Tonya Moss,Maria26@gmail.com,1130620699,68,Female,Medium,Regular
33012,Sarah Reyes,Christina94@gmail.com,3874565921,21,Male,Low,Regular
74001,Craig Powell,Michael35@gmail.com,1511161741,70,Male,Medium,Regular
66660,Margaret Kaufman,Terry63@gmail.com,6869060509,47,Female,Medium,Regular
48512,Crystal Edwards,Kerri97@gmail.com,3246657725,62,Female,Low,Regular
88539,Anne Andrews,Kevin74@gmail.com,2455126936,35,Male,Low,Regular
22236,Vincent Lewis,John3@gmail.com,7646317127,40,Male,Medium,Regular
52755,Alexandra Daniel,Crystal39@gmail.com,3118542635,20,Male,Low,Regular
88053,Laura Castillo,David67@gmail.com,8470185426,55,Male,High,Regular
73450,Christopher Burke,Sherry94@gmail.com,7518407661,36,Female,Medium,Regular
74006,Gabriel Lamb,Curtis52@gmail.com,7626451624,36,Male,Medium,Regular
82037,Jennifer Stone,Cameron78@gmail.com,4807595423,51,Male,Low,Regular
64755,Natasha Carroll,Luke43@gmail.com,6111435276,47,Male,Low,Regular
97514,Amanda Moore DDS,Rebecca19@gmail.com,4947701114,67,Male,Medium,Regular
77277,Nathan Nelson,Ann36@gmail.com,9690257718,26,Male,Low,Regular
79487,Elizabeth Rowe,Erica20@gmail.com,5091505745,39,Male,Low,Regular
73524,Jonathan Miller,Rachel76@gmail.com,2239329151,51,Male,Low,Regular
77202,Jamie Morales,Richard68@gmail.com,7649738751,56,Male,Medium,Regular
61206,Alexandria Gonzalez,Brandon98@gmail.com,9854139702,34,Male,Medium,Regular
79248,Gregory Reed,Teresa13@gmail.com,1720309455,67,Male,Medium,Regular
61351,Megan Rice,Danielle48@gmail.com,9270051321,61,Male,Medium,Regular
76742,Matthew Holland,Phillip42@gmail.com,8413245765,57,Female,Medium,Regular
11288,Olivia Shea,Kristin80@gmail.com,7932281309,65,Female,Medium,Regular
34843,John Payne,Selena96@gmail.com,5789638037,32,Male,Low,Regular
38118,Thomas Stein,Charles6@gmail.com,2290444484,51,Male,Medium,Regular
74050,Ryan Brown,David23@gmail.com,4546503386,52,Male,Low,Regular
68547,Shannon Cooper,Connor76@gmail.com,8131788798,36,Male,Low,Regular
46019,Thomas Mcbride,Caitlin79@gmail.com,6726068772,23,Male,Low,Regular
24134,Mitchell Mueller,Grant90@gmail.com,4047384437,29,Male,Low,Regular
72352,Connie Hill,Cynthia77@gmail.com,9881852769,51,Female,Medium,Regular
32937,Adrienne Wright,Candace61@gmail.com,5541054086,37,Male,Medium,Regular
67942,Pamela Smith,Lisa87@gmail.com,5026848745,36,Male,Low,Regular
16597,Leslie Decker,Larry66@gmail.com,8576916937,70,Male,Medium,Regular
58115,Julie Moore,Nicholas97@gmail.com,8963506676,68,Male,Medium,Regular
58363,William Mcclain,Latoya48@gmail.com,3526865912,35,Male,Medium,Regular
71025,Tim Graham,Larry12@gmail.com,8850055537,44,Male,Medium,Regular
39803,Joy Allen,Christopher60@gmail.com,6347154909,55,Female,Medium,Regular
27495,Devin Rodriguez,Robert17@gmail.com,9617585299,59,Male,Medium,Regular
22191,Jose Diaz,Julian98@gmail.com,7905836276,64,Female,Low,Regular
43816,Lacey Gray,James69@gmail.com,8220783421,21,Female,Low,Regular
78184,Joseph Willis,Samantha75@gmail.com,4092027102,28,Female,Medium,Regular
67970,Jonathan Edwards,Charles24@gmail.com,9501020895,65,Male,High,Regular
28554,Carla Stein,Lynn54@gmail.com,3950729417,43,Female,Medium,Regular
84475,Carl Jenkins,Janice60@gmail.com,2408165951,59,Female,Medium,Regular
80529,Brittany Leon,Timothy19@gmail.com,2374822702,38,Female,Medium,Regular
89086,Ronald Kim,Bruce5@gmail.com,6749868705,32,Female,Medium,Regular
21224,Anne Larson,Megan75@gmail.com,1417808242,49,Female,Medium,Regular
13256,Robert Lee,Angela80@gmail.com,2435297056,18,Male,Medium,Regular
16846,Fernando Lawson,David43@gmail.com,9639372692,23,Male,Medium,Regular
11135,Brenda Webster,Stephen32@gmail.com,8745554657,37,Male,Low,Regular
57550,Miss Adrienne Walker MD,Angela57@gmail.com,7170567565,32,Male,Low,Regular
19537,David Parker,Betty83@gmail.com,5793653555,35,Female,Low,Regular
93979,Sarah Hess,Tammy57@gmail.com,5973779364,0,Female,Low,Regular
40113,Jack Davies,Anthony34@gmail.com,1490517260,30,Female,Low,Regular
49175,Cynthia Fisher,Gregory76@gmail.com,9764088137,45,Male,Low,Regular
57144,Melissa Jones,Calvin99@gmail.com,6556192429,70,Male,High,Regular
35222,Madeline Taylor,Michelle21@gmail.com,7158674453,61,Female,Medium,Regular
80366,Steven Sullivan,Matthew19@gmail.com,4642530908,44,Male,Medium,Regular
49922,Veronica Gregory,Todd76@gmail.com,9447882255,26,Male,Medium,Regular
29333,Justin Jackson,Barbara12@gmail.com,4423586132,70,Male,Low,Regular
73664,Ann Douglas,Trevor77@gmail.com,7627538396,46,Male,Medium,Regular
42831,Ian West,Russell62@gmail.com,9037858587,52,Male,Medium,Regular
11577,Mrs. Kimberly Austin MD,Beverly23@gmail.com,3125448485,63,Female,High,Regular
39581,Ryan Richmond DVM,Alan38@gmail.com,2588829938,55,Male,Medium,Regular
48777,Donna Hodges,Marcus19@gmail.com,1628883121,23,Female,Medium,Regular
13265,Victoria Mclaughlin,Heather3@gmail.com,3575437945,40,Female,Medium,Regular
30726,Christopher Barton,Tracy63@gmail.com,2446704691,64,Male,Medium,Regular
78509,Joshua Hatfield,Wendy13@gmail.com,9421494452,45,Female,High,Regular
18932,Karina Wade,Frances39@gmail.com,7321385285,40,Female,High,Regular
39003,Shelby Perry,Keith98@gmail.com,1176517362,23,Female,High,Regular
15698,Debbie Sanchez,Daniel89@gmail.com,7325858389,50,Male,Medium,Regular
78206,Ana Perez,Evan40@gmail.com,6840284908,24,Male,High,Regular
56459,Tyler Lopez,Marcus6@gmail.com,3596390100,18,Male,Medium,Regular
67367,Tracy Carson,Leslie21@gmail.com,1828136935,26,Female,Medium,Regular
33661,Susan Lester,Tony93@gmail.com,7816833775,64,Female,Medium,Regular
28588,David Colon,Stephanie56@gmail.com,8319247172,47,Male,Low,Regular
62301,Travis Jones,Meghan23@gmail.com,9315106694,50,Female,Low,Regular
79517,Brittany Myers,Stephanie6@gmail.com,5340114699,62,Female,High,Regular
76133,Cathy Cooper,Andrew82@gmail.com,8479026556,21,Female,Medium,Regular
65159,Susan Vasquez,Emily42@gmail.com,7470976577,35,Female,Medium,Regular
17558,William Lee,Christine98@gmail.com,4257133898,68,Male,Low,Regular
95531,Holly Gordon,Wendy96@gmail.com,2954074868,43,Female,Low,Regular
36083,Fred Whitaker,Scott44@gmail.com,3207950518,69,Female,Medium,Regular
74812,David Johnson,Richard34@gmail.com,2045304682,61,Male,Low,Regular
84556,Rebecca Alvarado,Denise49@gmail.com,3274634766,40,Male,Medium,Regular
91124,Allen Calderon,Chelsea47@gmail.com,5060251518,33,Male,High,Regular
13082,Daniel Patel,Melissa66@gmail.com,4007365608,37,Male,High,Regular
29178,Robert Barnes,Jennifer98@gmail.com,5434425050,52,Male,Medium,Regular
68375,Savannah Casey,Michael19@gmail.com,7639570540,36,Male,Medium,Regular
42739,Maria Miller,Amanda19@gmail.com,9001048302,21,Male,Low,Regular
89187,Keith Wise,Amanda64@gmail.com,2729132651,28,Male,Medium,Regular
36687,Jonathan Humphrey,Gregory33@gmail.com,4414875788,58,Male,Low,Regular
24363,Jennifer Crawford,Isabel14@gmail.com,8529822826,21,Male,Low,Regular
31512,Natalie Melton,Bradley55@gmail.com,7043575564,67,Male,High,Regular
90471,Ann Walker,Stacy75@gmail.com,6966793456,31,Female,Medium,Regular
96361,Taylor Wright,Patrick39@gmail.com,1616388893,44,Male,High,Regular
78399,Linda Barnett,Amy11@gmail.com,2540762476,53,Female,Low,Regular
15015,Evan Henderson,Shelia39@gmail.com,6519757170,60,Male,Low,Regular
23951,Lisa Flores,William7@gmail.com,6758337430,28,Male,Medium,Regular
73394,Vickie Myers,John66@gmail.com,9509319347,28,Male,Medium,Regular
98991,Connie Murphy,Tony57@gmail.com,7624446513,26,Male,Low,Regular
74342,Alyssa Mitchell,Keith84@gmail.com,6499644897,20,Male,Medium,Regular
90915,Nancy Mcintyre,David95@gmail.com,9028209398,44,Male,Medium,Regular
97487,Joshua Brown,Nathan56@gmail.com,2079722173,36,Male,Low,Regular
47017,Mark Carter,Loretta15@gmail.com,6052767277,38,Male,Medium,Regular
85089,Charles Willis,Elizabeth61@gmail.com,4727214730,54,Male,Medium,Regular
93886,Shannon Sparks,Joseph80@gmail.com,6108099045,43,Female,Low,Regular
82024,David Rowe,Andrea26@gmail.com,6643820445,48,Female,Low,Regular
92619,Alex Medina,John85@gmail.com,6735970627,67,Male,High,Regular
61101,Gregory Wagner,James86@gmail.com,1532608093,60,Male,Medium,Regular
21798,Cynthia Mckenzie,Angel79@gmail.com,8554123482,53,Female,Medium,Regular
16615,Janet Gordon,James37@gmail.com,3453584559,41,Male,High,Regular
16049,Elizabeth Clark,Anna42@gmail.com,2699007429,20,Male,Medium,Regular
52839,Jerry Burns,Roy39@gmail.com,5811855277,46,Male,Low,Regular
55940,Theresa Harvey,Mitchell35@gmail.com,1596922964,32,Male,Low,Regular
35446,Pamela Campbell,Laura29@gmail.com,6821592084,48,Male,Medium,Regular
69500,Brian Ortiz,Zachary50@gmail.com,2657992773,61,Male,Low,Regular
28591,Theresa Diaz,Levi6@gmail.com,3566823896,24,Male,Medium,Regular
34792,Linda Smith,Kenneth94@gmail.com,4098753656,29,Male,High,Regular
69214,Carly Vega,Todd29@gmail.com,5063322928,31,Male,Medium,Regular
75243,Susan Juarez,Kara95@gmail.com,2723925334,44,Female,Low,Regular
40619,Robin Campbell,Tonya74@gmail.com,3550893930,19,Male,Medium,Regular
50357,Kathryn Martin,Jonathan37@gmail.com,7843252850,22,Male,Low,Regular
36084,Heather Johnson,Jasmin96@gmail.com,6352872686,39,Male,Low,Regular
57471,Rebecca Jones,Amber63@gmail.com,4253302009,65,Female,High,Regular
85291,Scott Porter,William51@gmail.com,3322434863,23,Female,Low,Regular
16683,Sara Martinez,Lisa82@gmail.com,7140029266,43,Male,Medium,Regular
30293,Kimberly Franklin,Nicole96@gmail.com,7750688117,67,Male,Medium,Regular
99944,Teresa Brown,Kathleen47@gmail.com,2797877746,20,Female,Low,Regular
60481,Renee Manning,Kevin60@gmail.com,3838883939,43,Female,Low,Regular
91698,Terry Gaines,Amber47@gmail.com,5151413711,58,Female,Low,Regular
44721,Rebekah Marsh,Ashley29@gmail.com,9342388581,36,Male,Medium,Regular
96867,Gerald Andrews,Sydney58@gmail.com,4733318648,21,Female,Medium,Regular
82671,Joshua Grimes,Jessica48@gmail.com,1126040209,50,Male,Medium,Regular
35547,William Thomas,Brad28@gmail.com,6290627159,59,Male,Low,Regular
50869,Christina Taylor,Sean72@gmail.com,2456044824,62,Male,Low,Regular
66893,Deanna Garrett,Yvonne25@gmail.com,2969209549,61,Male,Medium,Regular
42358,Melissa Williams,Katrina76@gmail.com,4493413740,67,Female,High,Regular
73353,Ryan Cook,Justin71@gmail.com,2751175665,63,Male,Medium,Regular
13610,Roberta Ford,Deborah81@gmail.com,7398691297,61,Male,Low,Regular
29811,Wyatt Spencer,Rebecca58@gmail.com,1383656077,64,Female,Low,Regular
79548,Patricia Nguyen,Ana58@gmail.com,5287072698,25,Male,Low,Regular
15597,Kelly Smith,Ellen26@gmail.com,8774216930,52,Female,Medium,Regular
27115,John Woods,Daniel43@gmail.com,2943631182,62,Male,Medium,Regular
73862,Deanna Johnson,Dana69@gmail.com,1803411094,47,Male,Low,Regular
26241,Jacqueline Thompson,Trevor57@gmail.com,6333941668,49,Male,Low,Regular
62489,Sarah Jenkins,Seth91@gmail.com,3942250195,69,Male,Medium,Regular
38393,Mario Sparks,Jeremy49@gmail.com,1307082373,49,Male,Medium,Regular
14771,Jennifer Rogers,Joseph72@gmail.com,5390815909,21,Male,Medium,Regular
89926,Javier Wright,Brian21@gmail.com,8210033594,70,Female,Low,Regular
93000,Justin Martin,Roger16@gmail.com,9130403971,22,Female,Low,Regular
99453,Catherine Poole,Ryan78@gmail.com,7642577456,36,Female,Low,Regular
60009,Diane Martinez,Jacqueline26@gmail.com,2246926095,31,Male,Low,Regular
30224,Mary Garcia,Alexander14@gmail.com,1574979080,43,Female,Low,Regular
74095,Michelle Johnston,Alexa61@gmail.com,5622213903,50,Male,Medium,Regular
24469,Christopher Whitney,Joel88@gmail.com,7946361397,34,Male,Medium,Regular
76027,Karen Hicks,Kimberly22@gmail.com,8482007324,54,Male,Low,Regular
68480,Jonathan Smith,Brandon80@gmail.com,5951911330,24,Female,High,Regular
31763,Robin Ramirez,Ruth41@gmail.com,3186758457,54,Male,Medium,Regular
18113,Erica Juarez,Molly20@gmail.com,4353427815,22,Male,Medium,Regular
57044,Lindsey Bowman,John39@gmail.com,4742422360,44,Male,Low,Regular
25041,Allison Wright,Rebecca78@gmail.com,5092794861,27,Female,High,Regular
30563,Pedro Estrada,Elizabeth30@gmail.com,1689710966,25,Female,Medium,Regular
45693,Melinda Moore,Amber3@gmail.com,2029915852,67,Male,Low,Regular
43571,Ryan Graham,Jose28@gmail.com,6531795462,18,Male,Low,Regular
66017,Christopher Parker,Chelsea47@gmail.com,3234082534,22,Male,Low,Regular
45899,Laura Butler,Francisco97@gmail.com,2968913107,25,Male,Medium,Regular
99025,Christine Turner,Joshua51@gmail.com,5737909446,30,Male,High,Regular
18515,Jennifer Salinas,Rachel55@gmail.com,4737797508,67,Male,High,Regular
75652,Marissa Nguyen,Jon26@gmail.com,6178669215,19,Female,Low,Regular
17165,David Williams,Christopher90@gmail.com,7422837936,63,Male,Medium,Regular
60597,Chad Cruz,Maria76@gmail.com,2500497785,30,Male,High,Regular
82260,John Arroyo,Eric89@gmail.com,4240101022,70,Female,Low,Regular
41508,William Ramos,Kenneth41@gmail.com,1915885161,37,Male,Medium,Regular
74540,Stuart Hutchinson,Jack84@gmail.com,4026837554,34,Female,Medium,Regular
28607,Darren Higgins,Evan72@gmail.com,6043729604,60,Male,Medium,Regular
13793,Marie Robinson,Julie53@gmail.com,3280895365,39,Male,Medium,Regular
21174,Brianna Williamson,Madison34@gmail.com,5550789854,20,Male,Low,Regular
33107,Brittany Munoz,John99@gmail.com,7527657895,57,Male,Medium,Regular
13081,Carolyn Johnson,Drew85@gmail.com,1199313949,29,Female,Medium,Regular
17458,Tracy Morrison,Jose8@gmail.com,4194422485,44,Male,Low,Regular
28830,Patricia Thompson,Matthew39@gmail.com,2200795305,34,Male,Medium,Regular
77374,Crystal Vasquez,Joseph96@gmail.com,9190264861,23,Female,High,Regular
15891,Sue Parker,Melanie63@gmail.com,3563472128,35,Male,Medium,Regular
98301,David Gill,Steven86@gmail.com,2386996528,20,Male,Low,Regular
14091,Gary Murphy,Mark64@gmail.com,8248689289,24,Male,Low,Regular
17065,Darrell Smith,Mallory66@gmail.com,8245994530,30,Male,Medium,Regular
87673,Cheryl York,James38@gmail.com,3134748268,19,Female,Medium,Regular
17901,William Carrillo,Sheila52@gmail.com,3780408598,60,Male,Low,Regular
49047,Lori Nelson,Ronald61@gmail.com,4144861582,28,Male,Medium,Regular
77311,Deanna Miller,Kristen41@gmail.com,7857007347,44,Female,Medium,Regular
38047,Brittany Williams,Linda82@gmail.com,5689012053,67,Male,Low,Regular
64636,Kelly Molina,Alexis28@gmail.com,1258222786,41,Male,High,Regular
82551,April Scott,Tiffany95@gmail.com,7470317117,36,Female,Medium,Regular
83578,Heather Reed,Julia31@gmail.com,8322648816,51,Female,Low,Regular
83650,Alexander Padilla,Mary16@gmail.com,6604455838,46,Male,Low,Regular
40705,Joanna Thomas,Eric5@gmail.com,6370935124,36,Male,Low,Regular
89029,James Romero,Maria96@gmail.com,8017387336,53,Male,Low,Regular
93214,Donald Alvarez,Matthew78@gmail.com,3184559826,66,Male,Medium,Regular
49192,Steven Miller,Ryan76@gmail.com,9531762506,61,Male,Medium,Regular
89992,Leah Wilcox,Nicole91@gmail.com,7259937954,47,Male,Medium,Regular
63588,Hector Hampton,Jessica14@gmail.com,1615577297,40,Female,Low,Regular
38486,Daniel Phillips,Ryan77@gmail.com,5541471973,31,Female,Medium,Regular
64153,Joshua Hurley,Gene14@gmail.com,8691207583,28,Female,Medium,Regular
15992,Katie Sweeney,Raymond78@gmail.com,2712262270,48,Male,High,Regular
43083,Raymond Hobbs,Rita77@gmail.com,2141541049,40,Male,Low,Regular
36536,Jose Velez,Travis51@gmail.com,3777490833,40,Male,Low,Regular
23631,Rita Ruiz MD,Elizabeth9@gmail.com,7884475046,48,Not Provided,Medium,Regular
97323,Matthew Franco,Brian47@gmail.com,1606858272,37,Male,Medium,Regular
27104,Jillian Jackson,Elizabeth67@gmail.com,5141700037,19,Female,Low,Regular
67876,Teresa Mendoza,Hailey97@gmail.com,8115625564,29,Male,High,Regular
26917,Monica Santiago,Brenda43@gmail.com,7816789677,53,Female,Medium,Regular
71298,Alicia Brown,Heather58@gmail.com,6773899562,29,Male,Medium,Regular
20280,Patrick Joseph,Mary8@gmail.com,5713762973,23,Male,Low,Regular
25788,Gregory Schultz,Lucas55@gmail.com,8638006495,36,Male,Medium,Regular
88395,Jeffrey Russell,Brad83@gmail.com,1979922359,55,Male,Medium,Regular
38195,Laura Williams,Jacob57@gmail.com,4763563097,62,Male,Medium,Regular
80072,Danielle Hopkins,Kyle97@gmail.com,6937952370,37,Female,Medium,Regular
64275,Mrs. Taylor Dixon,Alexandra85@gmail.com,4173397582,22,Female,Low,Regular
74784,Donna Miller,Lisa18@gmail.com,1079511683,19,Male,Medium,Regular
40091,Cory Montgomery,Amanda34@gmail.com,6594179736,54,Male,Medium,Regular
96958,Brian Juarez,Pamela69@gmail.com,4059293110,27,Female,Medium,Regular
63956,Don Huffman,Kara76@gmail.com,5462415153,38,Female,Medium,Regular
82346,Kathleen Stephens,Juan40@gmail.com,7308279822,19,Male,Medium,Regular
31998,Patrick Smith,Michelle44@gmail.com,7783694946,66,Female,Medium,Regular
28302,Jennifer Larson,Sergio50@gmail.com,5055096848,69,Female,High,Regular
22848,William Chavez,Makayla80@gmail.com,1423933021,51,Male,Low,Regular
22042,Sharon Peters,Nathan37@gmail.com,8571545152,48,Male,Low,Regular
38014,Michael Anderson,Dakota67@gmail.com,9748370708,32,Male,High,Regular
29568,Monica Beltran,Karen4@gmail.com,9017919256,55,Female,Low,Regular
43434,Nancy Smith,Donna97@gmail.com,8943621154,25,Male,Low,Regular
39794,Ray Malone,Dennis32@gmail.com,9185893153,22,Female,Low,Regular
30209,Julie Mcdonald,Patrick69@gmail.com,1021127548,21,Male,High,Regular
56437,Diana Barton,Caleb77@gmail.com,1284763315,27,Female,Medium,Regular
56970,Christine Lewis,John32@gmail.com,1861269747,51,Male,Low,Regular
35511,Alexander Jones,Donna64@gmail.com,7396476919,47,Male,Medium,Regular
80891,Lisa Newman,Christine16@gmail.com,4985600846,61,Male,Medium,Regular
72108,Christopher Knight,Barry71@gmail.com,8492990952,54,Male,Low,Regular
14984,Gary Jackson,Joseph55@gmail.com,3285194917,61,Female,High,Regular
55747,James Brown,Julia64@gmail.com,2499586823,37,Female,High,Regular
82021,Blake Dougherty,Joshua12@gmail.com,9391241700,40,Female,Low,Regular
23547,Jeremy Spencer,Jeffrey92@gmail.com,4381849490,21,Female,Low,Regular
41485,Kevin Reyes,Melissa38@gmail.com,5417605337,28,Male,Low,Regular
97340,Carlos Moore,Joann35@gmail.com,7312418586,26,Male,Medium,Regular
12790,Nicole Diaz,Brenda25@gmail.com,6019350285,30,Female,Medium,Regular
84624,James Robinson,Victoria86@gmail.com,7810575182,48,Male,High,Regular
72646,Kimberly Walker,Joseph76@gmail.com,6543193452,23,Female,Low,Regular
53375,Chad Myers,Vincent13@gmail.com,5706824688,62,Female,Medium,Regular
15041,Zachary Rodriguez,Nancy16@gmail.com,5076765391,53,Female,Medium,Regular
19347,John Santos,Alan10@gmail.com,8279481017,25,Female,High,Regular
98120,Michelle Spears,Joseph53@gmail.com,3830869205,68,Male,Medium,Regular
22107,Scott Burke,Brandy95@gmail.com,3488941991,50,Female,High,Regular
84395,Kenneth Parker,Samuel30@gmail.com,6987214199,52,Male,Low,Regular
90796,Dawn Rodriguez,Joseph71@gmail.com,7800274238,18,Male,Low,Regular
72463,Curtis Martin,Richard44@gmail.com,6181749253,31,Male,Low,Regular
17705,Michelle Simmons,Peter4@gmail.com,3235195556,62,Male,Low,Regular
70727,Sara White,Tracy39@gmail.com,7925321397,40,Female,Low,Regular
72707,Miranda Gallagher,Laura43@gmail.com,6536728146,37,Female,Low,Regular
98764,Joshua Mclean,James65@gmail.com,3067566092,53,Male,High,Regular
89722,Eric Choi,Anne44@gmail.com,5877278277,38,Male,Medium,Regular
41496,Olivia Russell,Jared86@gmail.com,8161246701,55,Male,High,Regular
85908,Kevin Mckinney,Gary50@gmail.com,8616972777,37,Male,High,Regular
10010,Ryan Smith,Emma94@gmail.com,4658668028,32,Female,Low,Regular
55609,Andrea Hudson,Kimberly39@gmail.com,7694149566,52,Female,Medium,Regular
26560,Guy Hunter DDS,Albert71@gmail.com,8611330603,45,Male,Low,Regular
75834,Cassandra Ross,Joshua37@gmail.com,4201699432,56,Male,Low,Regular
98004,Robert Porter,John5@gmail.com,3082458402,40,Male,High,Regular
67818,Dawn Frazier,John24@gmail.com,3135974353,27,Female,Medium,Regular
51655,Amy Marsh,Christopher18@gmail.com,4218384631,64,Female,Medium,Regular
39665,Ruth Carter,Matthew95@gmail.com,6186249535,19,Male,Low,Regular
65112,Michael Gamble,Bryan52@gmail.com,3080550034,53,Male,High,Regular
13459,Ricky Parker,Ian84@gmail.com,1079876312,52,Male,Medium,Regular
14341,Gabriella Frazier,Robin58@gmail.com,2132706627,57,Female,Low,Regular
39167,Linda Sims,Christine76@gmail.com,5240591524,54,Female,Low,Regular
11029,John Phillips,Amanda15@gmail.com,6128206582,19,Female,Medium,Regular
42624,Joshua Chang,Corey12@gmail.com,5191104452,32,Male,Low,Regular
62402,Rachael Lewis,Ronald72@gmail.com,1919999700,70,Male,Medium,Regular
20692,Christine Nelson,Stephanie92@gmail.com,9151809158,35,Male,Low,Regular
55182,Timothy Rodriguez DVM,Valerie48@gmail.com,5975348710,59,Female,Low,Regular
84643,Daniel Kelley,Kevin87@gmail.com,6250344306,63,Male,Medium,Regular
23180,Rick Brown,Jackson60@gmail.com,6535446889,35,Female,Medium,Regular
75024,Alicia Spencer,Joseph16@gmail.com,4396252938,55,Male,Low,Regular
23314,Angela Davis,Tyler76@gmail.com,7869250213,66,Male,Low,Regular
25390,Dr. Rachel Larsen,Michael47@gmail.com,3518575416,22,Male,Low,Regular
82606,John Kelly,Cheryl57@gmail.com,8926330724,28,Male,Low,Regular
66590,Ashley Clark,Alicia1@gmail.com,8181726566,23,Female,High,Regular
63858,Michael Tyler,Elizabeth65@gmail.com,9147638410,64,Male,Medium,Regular
89973,Veronica Miles,Peter93@gmail.com,8555668959,70,Female,Low,Regular
12267,Shawna Perez,Anna95@gmail.com,5908793193,67,Male,High,Regular
11789,Ronald Wallace,Douglas49@gmail.com,2242253020,69,Male,High,Regular
47082,Ricky Bates,Diana40@gmail.com,2497673898,54,Female,Low,Regular
28353,Dalton Johnson,Kellie68@gmail.com,1096985217,47,Female,Low,Regular
38337,Judy Beasley,Patricia75@gmail.com,4258060242,30,Female,Low,Regular
29257,Charlene Chambers,Sandy51@gmail.com,1050251661,65,Female,Medium,Regular
21397,Shelley Tran,Brian36@gmail.com,4813870334,47,Female,Medium,Regular
51531,Kayla Harris,Billy36@gmail.com,6984534711,61,Male,High,Regular
75848,Steven Weiss,Wesley98@gmail.com,5416753404,52,Female,Medium,Regular
82677,Marissa Barnett,Kenneth34@gmail.com,4508549367,44,Male,High,Regular
66020,Austin Mills,Tara90@gmail.com,7757761949,23,Female,Medium,Regular
14855,Kimberly Holloway,Alan9@gmail.com,2251902067,43,Female,Medium,Regular
99058,Jason Gentry,Geoffrey56@gmail.com,1017182422,65,Female,Low,Regular
11381,Jillian Perez,Steve70@gmail.com,7145416721,40,Male,Medium,Regular
97549,Brady Stanley,Jordan16@gmail.com,6532213356,46,Male,Medium,Regular
32669,Gloria Luna,Julie87@gmail.com,9213719126,64,Male,Low,Regular
61308,James Davis,Kayla57@gmail.com,4673806307,63,Female,Medium,Regular
14663,Ryan Paul,Diana80@gmail.com,8756094692,53,Male,High,Regular
97143,Michael Marshall,Matthew41@gmail.com,4999356777,23,Male,High,Regular
93553,Nathaniel Kim,Brianna70@gmail.com,2838497046,25,Male,High,Regular
36836,Cody Anderson,Andrea94@gmail.com,5211458442,31,Female,High,Regular
62308,Jillian Harrison,Erika61@gmail.com,8009152719,18,Female,High,Regular
41424,Elizabeth Oliver,Lucas93@gmail.com,7540400657,66,Male,High,Regular
44149,Craig Cooper,Donald85@gmail.com,4180256114,29,Male,High,Regular
61816,Patrick Long,Timothy53@gmail.com,8167825182,59,Male,High,Regular
30165,Sean Woods,Jennifer86@gmail.com,2978590440,34,Male,High,Regular
44339,Elizabeth Craig,Jason14@gmail.com,4684645193,36,Male,High,Regular
95441,Mr. Mark Thornton,Patrick22@gmail.com,8285344215,50,Female,High,Regular
99652,Jennifer Ferguson,Candace26@gmail.com,8363044786,29,Male,High,Regular
87457,Michelle Murray,John72@gmail.com,1232869982,22,Male,High,Regular
